merchant_category,transaction_count,total_amount,fraud_count,avg_fraud_prob
gas,1048,399609.7400000001,49,0.09892175572519088
electronics,1131,387084.9600000002,46,0.09513704686118482
luxury,1028,373705.02000000037,49,0.09947470817120624
grocery,1061,351924.27000000037,42,0.09657869934024499
pharmacy,1089,345187.88,41,0.09265381083562901
travel,1123,341825.0699999999,34,0.08827248441674086
online,1060,326607.83,39,0.09029245283018857
restaurant,1062,319657.51000000007,34,0.08887005649717505
